playerFullName,PitchType,Throws,Team,CLASS+,Count,SwStr%,Vel,IndVertBrk,HorzBrk,Spin,Extension,RelH (ft),RelS (ft),norm_HorzBrk,norm_RelS,Vel_primary,IndVertBrk_primary,norm_HorzBrk_primary,vel_diff,ivb_diff,hb_diff,predicted_xPitchRV/P,group_mean,group_std,SwStr,VertApprAngle,HorzApprAngle,VertRelAngle,HorzRelAngle
"Alvarez, Andreas",4S,Right,AUB_TIG,105.04406536711255,273.0,9.157509157509157,93.48813985239852,17.107961697416975,6.542572730627306,2359.9649442472323,6.443935276752768,5.599420147601476,1.4257669372693726,6.542572730627306,1.4257669372693726,93.48813985239852,17.107961697416975,6.542572730627306,5.559308650982795e-15,-1.1528293694816201e-15,2.425284245675619e-16,0.0065178227070449195,0.0028173875412249,0.0073362157238225,0.09157509157509157,-4.759922092250923,-1.0224215608856089,-1.9643695092250923,-2.2072413579335795
"Alvarez, Andreas",CH,Right,AUB_TIG,98.4927528298551,61.0,14.754098360655737,81.34950131147542,11.104674262295083,16.537779672131148,2101.894835327869,5.879123442622951,5.220530327868853,1.8227347540983607,16.537779672131148,1.8227347540983607,93.48813985239852,17.107961697416975,6.542572730627306,-12.13863854092311,-6.0032874351218934,9.995206941503842,0.004307398810618187,0.0057302139408229,0.0094398261837037,0.14754098360655737,-6.467963590163934,-0.42600914754098357,-0.5332572622950821,-3.387832508196721
"Alvarez, Andreas",CU,Right,AUB_TIG,90.9923655676882,69.0,13.043478260869565,75.3264268115942,-11.268390144927537,-9.749347101449276,2518.0092201159423,5.6138475362318845,5.650446521739131,1.4034823188405796,-9.749347101449276,1.4034823188405796,93.48813985239852,17.107961697416975,6.542572730627306,-18.16171304080432,-28.376351842344512,-16.291919832076584,-0.0029275103525649884,0.0038883046970989,0.007566709218587401,0.13043478260869565,-9.6864704057971,-2.3422692463768118,1.5177830144927538,-0.5981151304347826
"Alvarez, Andreas",SL,Right,AUB_TIG,101.0847949843649,69.0,8.695652173913043,79.04405130434782,-3.3103865217391304,-12.841617101449277,2567.4954934927537,5.721127826086956,5.695744492753623,1.503867536231884,-12.841617101449277,1.503867536231884,93.48813985239852,17.107961697416975,6.542572730627306,-14.444088548050694,-20.418348219156105,-19.384189832076583,0.008267323406145829,0.007413182025219,0.0078737585740861,0.08695652173913043,-8.804236463768115,-3.340704115942029,0.1723903043478261,-1.0405782028985509
"Armstrong, John",4S,Right,AUB_TIG,94.5515713841066,96.0,12.5,92.493158125,10.3663578125,17.58577,2040.3873746875,6.1528229166666675,4.873980104166667,1.8266574999999998,17.58577,1.8266574999999998,90.3280663414634,1.9132698373983736,16.939383333333335,2.1650917835365875,8.453087975101626,0.6463866666666643,-0.0011796972269791956,0.0028173875412249006,0.007336215723822499,0.125,-4.678270052083334,-0.5049961770833333,-0.49330611458333334,-3.6697127708333332
"Armstrong, John",CH,Right,AUB_TIG,101.34420214874832,12.0,8.333333333333332,82.59871916666667,-2.8889575,16.325460833333334,1932.8856945833334,5.8853599999999995,4.569911666666667,2.0602533333333333,16.325460833333334,2.0602533333333333,90.3280663414634,1.9132698373983736,16.939383333333335,-7.729347174796747,-4.8022273373983735,-0.6139225000000024,0.006999117404817443,0.0057302139408229,0.0094398261837037,0.08333333333333333,-7.331521833333333,0.9705414166666667,0.8031551666666666,-1.9610078333333334
"Armstrong, John",SI,Right,AUB_TIG,100.47301587861114,123.0,4.878048780487805,90.32806634146341,1.9132698373983739,16.939383333333335,1815.8489404308943,6.156474878048781,4.529296991869918,2.141664227642276,16.939383333333335,2.141664227642276,90.3280663414634,1.9132698373983736,16.939383333333335,2.1879517168222597e-15,5.054673933252745e-17,-2.168094069227338e-15,7.543993910317861e-05,-0.0002688599585534,0.0072788232536206,0.04878048780487805,-5.702868455284553,-0.36118059349593495,0.2590826991869919,-3.4117534471544713
"Armstrong, John",SL,Right,AUB_TIG,97.5535182954227,112.0,8.928571428571429,77.98265,0.16591625,-17.927056964285715,2447.0026616696427,5.658471160714286,4.559308571428572,2.5026724107142857,-17.927056964285715,2.5026724107142857,90.32806634146338,1.9132698373983736,16.939383333333335,-12.34541634146341,-1.7473535873983739,-34.86644029761905,0.005486881395442943,0.007413182025219,0.0078737585740861,0.08928571428571429,-7.001777276785715,-4.533662142857143,1.5886486785714287,-1.3340249017857142
"Carlson, Parker",4S,Right,AUB_TIG,95.67452647856068,30.0,3.3333333333333335,91.06911466666666,13.930091000000001,2.3409226666666663,2236.2220825,5.698416333333333,5.7864,0.9980116666666666,2.3409226666666663,0.9980116666666666,91.06911466666666,13.930091,2.3409226666666663,2.8717768903637383e-15,-6.513308411134251e-16,3.7007434154171886e-16,-0.0003558731448711234,0.0028173875412249,0.0073362157238225,0.03333333333333333,-5.3815029999999995,-0.9075068666666667,-1.5921634,-1.326973
"Carlson, Parker",CH,Right,AUB_TIG,100.04505436423364,19.0,21.052631578947366,87.47578,5.375614210526315,13.227314210526316,1782.6284732631582,5.627602105263158,5.757972631578948,1.1176657894736841,13.227314210526316,1.1176657894736841,91.06911466666666,13.930091,2.3409226666666663,-3.5933346666666646,-8.554476789473686,10.88639154385965,0.00577274447754121,0.0057302139408229,0.0094398261837037,0.21052631578947367,-7.484976315789474,0.28099599999999997,-1.6094125789473683,-2.0821047894736844
"Carlson, Parker",FC,Right,AUB_TIG,103.30428850636251,118.0,13.559322033898304,88.46076991525423,8.104808728813559,-2.921919915254237,2349.42082140678,5.579247033898305,5.777334322033899,1.0397148305084747,-2.921919915254237,1.0397148305084747,91.06911466666666,13.930091,2.3409226666666663,-2.6083447514124267,-5.825282271186441,-5.2628425819209035,0.01379967412299192,0.011293074699198,0.0075858975963126,0.13559322033898305,-6.017669372881356,-1.4288134491525424,-0.8731098983050847,-0.9073822118644068
"Carlson, Parker",SI,Right,AUB_TIG,98.46924773052547,3.0,0.0,89.45713333333333,7.227826666666666,9.54763,2117.582639333333,5.763739999999999,5.7116533333333335,1.2069933333333334,9.54763,1.2069933333333334,91.06911466666666,13.930091,2.3409226666666663,-1.6119813333333326,-6.702264333333335,7.206707333333334,-0.0013830674800118332,-0.0002688599585534,0.0072788232536206,0.0,-7.830840333333334,-0.16332500000000003,-2.555877,-1.8811966666666669
"Carlson, Parker",SL,Right,AUB_TIG,107.12048667804471,135.0,12.592592592592592,83.77391511111111,-1.557546888888889,-8.409818518518518,2498.843698185185,5.329621703703704,5.761819925925926,0.9512189629629629,-8.409818518518518,0.9512189629629629,91.06911466666666,13.930091,2.3409226666666663,-7.295199555555552,-15.487637888888889,-10.750741185185186,0.013019681328511015,0.007413182025219,0.0078737585740861,0.1259259259259259,-7.791236666666666,-2.1020736,-0.15289328148148149,-0.6063575185185185
"Chancellor, Abe",4S,Left,AUB_TIG,97.38011846820443,21.0,0.0,88.72224238095238,21.747547619047616,-8.759569047619047,2167.571585,6.552959523809524,6.203370952380952,-1.4998942857142856,8.759569047619047,1.4998942857142856,88.72224238095238,21.747547619047616,8.759569047619047,6.97854472621527e-16,2.727976574793242e-15,2.749123680024197e-16,0.0008953859324139095,0.0028173875412249,0.007336215723822499,0.0,-4.999587571428571,1.0923780952380953,-2.3872264761904765,2.682578904761905
"Chancellor, Abe",CH,Left,AUB_TIG,104.70153708399184,33.0,15.151515151515152,79.8571803030303,14.538632424242424,-14.266012121212121,2103.533096090909,6.420500303030303,5.961450606060606,-1.8143887878787879,14.266012121212121,1.8143887878787879,88.72224238095238,21.747547619047616,8.759569047619047,-8.865062077922076,-7.208915194805192,5.506443073593074,0.01016838322773492,0.0057302139408229,0.0094398261837037,0.15151515151515152,-6.914630121212121,0.6351524242424242,-1.4495700303030303,3.2186201515151516
"Chancellor, Abe",CU,Left,AUB_TIG,89.37320818548083,2.0,0.0,79.54463,15.990345,-14.530995,2080.749608,6.371905,5.80109,-1.637105,14.530995,1.637105,88.72224238095238,21.747547619047616,8.759569047619047,-9.177612380952382,-5.757202619047616,5.7714259523809535,-0.0041526796615942,0.0038883046970989,0.0075667092185874,0.0,-5.286431,0.41925850000000003,-0.0022615000000000274,3.0448225
"Chancellor, Abe",SL,Left,AUB_TIG,99.03983613938249,16.0,0.0,76.179674375,-7.188211875,6.40917625,2170.9373858125,5.539821875,6.11272375,-1.838084375,-6.40917625,1.838084375,88.72224238095238,21.747547619047616,8.759569047619047,-12.542568005952381,-28.935759494047613,-15.168745297619047,0.006657172182212505,0.007413182025219,0.0078737585740861,0.0,-9.5670790625,2.870715625,0.6677965,1.7268626875
"Chatterton, Christian",4S,Right,AUB_TIG,98.66032883309613,296.0,5.405405405405405,90.12811202702703,20.93746375,10.323511182432432,2223.7316890709462,5.879292567567568,6.20205972972973,0.5713631756756757,10.323511182432432,0.5713631756756757,90.12811202702704,20.93746375,10.323511182432432,-2.398231763328801e-15,8.686745016999536e-16,7.141434590832088e-16,0.0018345758732857948,0.0028173875412249,0.0073362157238225,0.05405405405405406,-5.301171912162162,0.3878909729729729,-2.603144391891892,-1.463642662162162
"Chatterton, Christian",CH,Right,AUB_TIG,105.64169186969195,163.0,25.766871165644172,77.15226411042944,11.601784478527607,13.172708527607362,2362.7981035398775,5.81614527607362,6.210876809815951,0.5178924539877301,13.172708527607362,0.5178924539877301,90.12811202702704,20.93746375,10.323511182432432,-12.975847916597582,-9.335679271472392,2.8491973451749306,0.011055873004013565,0.0057302139408229,0.0094398261837037,0.25766871165644173,-7.99802280981595,0.5317812576687116,-1.3718549386503067,-1.8307146196319017
"Chatterton, Christian",CU,Right,AUB_TIG,95.95257815015297,139.0,5.0359712230215825,76.01934143884891,-16.33218964028777,-7.499436330935252,2689.3097850071945,5.408549712230216,6.223549856115108,0.4873503597122302,-7.499436330935252,0.4873503597122302,90.12811202702704,20.93746375,10.323511182432432,-14.108770588178109,-37.26965339028777,-17.822947513367684,0.0008257382748239726,0.0038883046970989,0.0075667092185874,0.050359712230215826,-10.25514184172662,-1.4058977913669064,1.7167173381294962,-0.06846573381294964
"Chatterton, Christian",FC,Right,AUB_TIG,100.4753748005937,20.0,20.0,78.677425,13.354268999999999,11.352544499999999,2378.38493035,5.875272,6.167419499999999,0.289262,11.352544499999999,0.289262,90.12811202702704,20.93746375,10.323511182432432,-11.45068702702703,-7.583194749999999,1.029033317567568,0.01165368915491517,0.011293074699198,0.0075858975963126,0.2,-7.569596300000001,0.8110968,-1.6275317999999999,-1.22731235
"Chatterton, Christian",SL,Right,AUB_TIG,104.17518161179672,82.0,17.073170731707318,79.69019256097562,1.0407525609756099,1.7147973170731707,2350.7570845609757,5.65895756097561,6.085107926829268,0.6069381707317073,1.7147973170731707,0.6069381707317073,90.12811202702704,20.93746375,10.323511182432432,-10.43791946605142,-19.89671118902439,-8.608713865359261,0.010700619226644063,0.007413182025219001,0.0078737585740861,0.17073170731707318,-8.387239804878048,-0.851968475609756,-0.3211090487804878,-1.1618067926829267
"Dutton, Samuel",4S,Right,AUB_TIG,102.77490650477185,295.0,11.525423728813559,92.09547684745762,17.710353796610168,5.367318779661018,2460.8364755627117,5.907325340136055,5.856588203389831,0.4469946440677966,5.367318779661018,0.4469946440677966,92.09547684745762,17.710353796610168,5.367318779661018,8.859956083296758e-15,1.8335615511775468e-15,-5.889827232333458e-16,0.004853118814469408,0.0028173875412249,0.007336215723822499,0.1152542372881356,-4.540321986440678,-0.057725986440677966,-1.6306992949152541,-1.0210902508474577
"Dutton, Samuel",CH,Right,AUB_TIG,102.86912325063473,18.0,5.555555555555555,84.04553333333334,10.369893333333334,13.86767388888889,1770.9062799444446,5.954759444444445,5.678411666666666,0.6393916666666667,13.86767388888889,0.6393916666666667,92.09547684745762,17.710353796610168,5.367318779661018,-8.049943514124285,-7.340460463276835,8.500355109227872,0.008438616419384405,0.0057302139408229,0.0094398261837037,0.05555555555555555,-6.590586388888889,0.7065280555555555,-1.1182977222222223,-1.787485111111111
"Dutton, Samuel",CU,Right,AUB_TIG,88.55928308255797,267.0,13.48314606741573,71.41802434456929,-12.924938277153558,-10.726769625468165,2519.172210003745,5.052317415730337,5.87401063670412,0.47210400749063675,-10.726769625468165,0.47210400749063675,92.09547684745762,17.710353796610168,5.367318779661018,-20.67745250288833,-30.635292073763726,-16.09408840512918,-0.004768553119546825,0.0038883046970989,0.007566709218587401,0.1348314606741573,-10.212417172284644,-1.5511905280898877,2.408849794007491,0.3486789101123595
"Dutton, Samuel",FC,Right,AUB_TIG,102.97423532192533,228.0,13.157894736842104,84.29687416666667,0.6081080263157894,-4.952799122807018,2801.0962155394736,5.250585175438597,5.831550657894737,0.6317227192982456,-4.952799122807018,0.6317227192982456,92.09547684745762,17.710353796610168,5.367318779661018,-7.798602680790952,-17.102245770294378,-10.320117902468036,0.01354929915714419,0.011293074699198,0.0075858975963126,0.13157894736842105,-7.2845203070175435,-1.5792944692982456,-0.11660864912280702,-0.7000304868421053
"Dutton, Samuel",SI,Right,AUB_TIG,103.31522854503996,145.0,7.586206896551724,91.60743668965517,10.589616965517243,13.22151551724138,2355.754425406896,5.6683900000000005,5.689025172413793,0.6317092413793104,13.22151551724138,0.6317092413793104,92.09547684745762,17.710353796610168,5.367318779661018,-0.4880401578024457,-7.120736831092927,7.854196737580362,0.0021442363039168937,-0.0002688599585534,0.0072788232536206,0.07586206896551724,-5.9064029862068965,0.703501875862069,-1.6603892413793104,-1.6602670206896553
"Dutton, Samuel",SL,Right,AUB_TIG,109.47088353076398,87.0,14.942528735632186,83.7499348275862,0.1480280459770115,-4.034721034482759,2796.417069045977,5.09541827586207,5.619824137931034,0.686691724137931,-4.034721034482759,0.686691724137931,92.09547684745762,17.710353796610168,5.367318779661018,-8.345542019871413,-17.562325750633157,-9.402039814143777,0.014870327065671351,0.007413182025219,0.0078737585740861,0.14942528735632185,-7.495348620689655,-1.8645839540229885,-0.16209531034482758,-1.1504142413793104
"Fisher, Cade",4S,Left,AUB_TIG,100.17012776562619,381.0,8.136482939632545,87.13058102362204,13.557534251968503,-9.840293674540682,2275.71393839895,6.9347908398950135,5.155470708661417,-2.6129955118110235,9.840293674540682,2.6129955118110235,87.13058102362204,13.557534251968503,9.840293674540682,5.161225777470019e-15,6.418750045913553e-16,4.674009793959977e-16,0.0029421969401495517,0.0028173875412249,0.007336215723822501,0.08136482939632546,-4.755417664041994,2.077207015748032,-0.5586783989501313,3.872288
"Fisher, Cade",CH,Left,AUB_TIG,96.77062270846216,55.0,10.909090909090908,80.17669381818182,6.445857272727273,-12.159520545454546,1914.8290333272728,6.982408,5.205522363636363,-2.615893272727273,12.159520545454546,2.615893272727273,87.13058102362204,13.557534251968503,9.840293674540682,-6.953887205440224,-7.111676979241231,2.3192268709138633,0.002681737909451209,0.005730213940822901,0.0094398261837037,0.10909090909090909,-6.422780054545455,1.1519670363636363,0.28459999999999996,3.3789604181818182
"Fisher, Cade",CU,Left,AUB_TIG,85.95372655469544,1.0,0.0,73.25962,-1.39402,11.01816,2150.343873,5.67865,5.24964,-2.71459,-11.01816,2.71459,87.13058102362204,13.557534251968503,9.840293674540682,-13.870961023622044,-14.951554251968505,-20.858453674540684,-0.0067401019794396,0.0038883046970989,0.0075667092185874,0.0,-8.456001,2.311262,1.510462,0.339158
"Fisher, Cade",FC,Left,AUB_TIG,111.37700676499537,3.0,33.33333333333333,83.18196666666667,12.693446666666667,-4.373113333333333,2198.5932363333336,7.094893333333334,5.159556666666667,-2.9763033333333335,4.373113333333333,2.9763033333333335,87.13058102362204,13.557534251968503,9.840293674540682,-3.9486143569553747,-0.8640875853018368,-5.4671803412073485,0.019923555526379134,0.011293074699198,0.0075858975963126,0.3333333333333333,-5.166955333333333,3.5747786666666665,-0.16856033333333334,4.373898
"Fisher, Cade",SI,Left,AUB_TIG,106.1929250717205,20.0,5.0,87.1614,10.161021,-12.547646,2250.59012825,6.8370999999999995,5.195919,-2.5840655000000003,12.547646,2.5840655000000003,87.13058102362204,13.557534251968502,9.840293674540682,0.03081897637795523,-3.3965132519685035,2.707352325459318,0.004238860743443435,-0.0002688599585534,0.007278823253620599,0.05,-5.25029755,1.6214523499999998,-0.43697935,3.9068483
"Fisher, Cade",SL,Left,AUB_TIG,105.23648314850308,162.0,9.876543209876543,76.35028839506172,3.230462222222222,12.913967345679014,2285.5630788456792,6.074817530864197,5.17060438271605,-2.648654074074074,-12.913967345679014,2.648654074074074,87.13058102362204,13.557534251968502,9.840293674540682,-10.780292628560314,-10.327072029746281,-22.754261020219694,0.011536262434077314,0.007413182025219,0.0078737585740861,0.09876543209876543,-7.758838543209876,4.448591475308642,0.5094629259259259,2.1260860308641973
"Graves, Griffin",4S,Left,AUB_TIG,104.93508521661381,207.0,9.66183574879227,92.9163745410628,19.284440917874395,-6.682024975845411,2362.255662657005,5.962615942028986,5.497883574879227,-1.6143371497584542,6.682024975845411,1.6143371497584542,92.9163745410628,19.284440917874395,6.682024975845411,8.230936061550708e-15,9.514664955000135e-16,-2.5744302020293486e-16,0.00643787251767758,0.0028173875412249,0.0073362157238225,0.0966183574879227,-4.4456132270531405,1.170535342995169,-1.8786450144927538,2.3691929903381643
"Graves, Griffin",CH,Left,AUB_TIG,101.43708724836519,10.0,10.0,87.340041,7.513197,-11.550502,1415.6105662,6.22283,5.471384,-1.80135,11.550502,1.80135,92.9163745410628,19.284440917874395,6.682024975845411,-5.576333541062796,-11.771243917874397,4.868477024154589,0.007086799324361359,0.0057302139408229,0.0094398261837037,0.1,-6.3121678,1.0336840999999999,-0.9644594,3.1165883
"Graves, Griffin",CU,Left,AUB_TIG,95.42323188841465,11.0,18.181818181818183,78.61794818181819,-5.0322890909090905,4.223807272727273,2441.9701494545457,5.19989,5.373227272727273,-1.4157272727272727,-4.223807272727273,1.4157272727272727,92.9163745410628,19.284440917874395,6.682024975845411,-14.29842635924461,-24.316730008783487,-10.905832248572684,0.00042519735097193645,0.0038883046970989,0.0075667092185874,0.18181818181818182,-7.8690536363636365,1.535813090909091,1.4094163636363637,0.7867108181818182
"Graves, Griffin",SL,Left,AUB_TIG,106.00223015872064,68.0,8.823529411764707,81.26436720588235,-1.7920782352941176,4.762962352941177,2409.920635382353,5.460843235294117,5.487172352941177,-1.7670264705882353,-4.762962352941177,1.7670264705882353,92.9163745410628,19.284440917874395,6.682024975845411,-11.652007335180441,-21.076519153168515,-11.444987328786587,0.01213919314280545,0.007413182025219,0.0078737585740861,0.08823529411764706,-7.6637311176470595,2.4017518970588236,0.4685621911764706,1.5533715294117647
"Hetzler, Ryan",4S,Right,AUB_TIG,99.71063004730796,136.0,6.61764705882353,91.49673117647059,17.28073823529412,7.014243676470588,2167.4489193014706,6.233287720588235,5.862427058823529,2.0875004411764704,7.014243676470588,2.0875004411764704,91.4967311764706,17.28073823529412,7.014243676470588,-1.489004997732563e-15,-2.056769787164031e-15,-2.285753285992969e-16,0.002605099501530841,0.0028173875412249,0.0073362157238225,0.0661764705882353,-5.187046772058824,-1.7442715147058823,-2.1327493897058822,-3.008264838235294
"Hetzler, Ryan",CH,Right,AUB_TIG,102.18402655700528,46.0,10.869565217391305,82.68407782608696,4.827374782608695,15.667058260869565,1718.6670009130435,6.003791304347826,5.543366956521739,2.417185,15.667058260869565,2.417185,91.4967311764706,17.28073823529412,7.014243676470588,-8.812653350383634,-12.453363452685425,8.652814584398977,0.007791897048695188,0.0057302139408229,0.0094398261837037,0.10869565217391304,-6.95712052173913,-0.7751067173913043,-0.28023284782608693,-3.589303152173913
"Hetzler, Ryan",CU,Right,AUB_TIG,92.68854745130493,15.0,6.666666666666667,75.927746,-7.324822,-10.509692666666666,2378.2747627333333,5.4232846666666665,5.613536666666667,2.515612,-10.509692666666666,2.515612,91.4967311764706,17.28073823529412,7.014243676470588,-15.56898517647059,-24.605560235294117,-17.523936343137255,-0.00164405884304862,0.0038883046970989,0.0075667092185874,0.06666666666666667,-8.906954533333334,-4.026427466666666,1.471698,-2.1546462
"Hetzler, Ryan",FC,Right,AUB_TIG,98.4040830327578,87.0,13.793103448275861,81.44532666666666,0.32729942528735634,-4.503716551724138,2382.251046954023,5.580550344827587,5.6129702298850574,2.377293793103448,-4.503716551724138,2.377293793103448,91.4967311764706,17.28073823529412,7.014243676470588,-10.051404509803923,-16.953438810006762,-11.517960228194726,0.010082428430626315,0.011293074699198,0.0075858975963126,0.13793103448275862,-7.676120747126436,-2.9354056666666666,0.15116781609195404,-2.1318301149425287
"Hetzler, Ryan",SL,Right,AUB_TIG,103.26676302180702,85.0,12.941176470588237,81.04102941176471,-0.7333837647058824,-4.204430705882353,2358.378054,5.639063411764705,5.551055176470588,2.4712547058823526,-4.204430705882353,2.4712547058823526,91.4967311764706,17.28073823529412,7.014243676470588,-10.455701764705886,-18.014122000000004,-11.218674382352942,0.009985352360465004,0.0074131820252189996,0.0078737585740861,0.12941176470588237,-7.90758834117647,-3.257082788235294,0.16828205882352942,-2.5066631529411767
"Johnston, Jett",4S,Right,AUB_TIG,99.66320893213083,47.0,8.51063829787234,93.19174978723404,17.00831404255319,5.188138936170213,2203.331898319149,6.443163617021276,5.918446808510637,1.1757787234042554,5.188138936170213,1.1757787234042554,93.19174978723404,17.00831404255319,5.188138936170213,-1.8141516657704684e-15,-1.7952542525853594e-16,-3.7794826370218094e-17,0.002570310348450481,0.0028173875412249006,0.0073362157238225,0.0851063829787234,-5.040144276595744,-0.5810837872340425,-2.210790340425532,-1.522958085106383
"Johnston, Jett",CH,Right,AUB_TIG,100.58106526437341,3.0,33.33333333333333,86.41305,4.15431,2.9411300000000007,1603.4225753333333,6.17123,5.6402399999999995,1.2703666666666666,2.9411300000000007,1.2703666666666666,93.19174978723406,17.00831404255319,5.188138936170213,-6.778699787234046,-12.854004042553191,-2.2470089361702126,0.0062787294505302,0.0057302139408229,0.0094398261837037,0.3333333333333333,-7.496843999999999,-0.7374743333333335,-1.279422,-1.2859960000000001
"Johnston, Jett",CU,Right,AUB_TIG,95.16133916683668,3.0,33.33333333333333,85.90617666666667,2.8667466666666663,-2.9162733333333333,2164.959271333333,5.771509999999999,5.784916666666667,1.20034,-2.9162733333333333,1.20034,93.19174978723406,17.00831404255319,5.188138936170213,-7.285573120567382,-14.141567375886524,-8.104412269503547,0.0002270307439074999,0.0038883046970989,0.0075667092185874,0.3333333333333333,-8.243149,-1.5961360000000002,-1.6996223333333333,-1.072896
"Johnston, Jett",FC,Right,AUB_TIG,95.16717282774763,70.0,20.0,90.16725385714285,8.502339571428571,-0.5652688571428571,2101.3566399571428,6.257382428571429,5.817779285714286,1.3574967142857144,-0.5652688571428571,1.3574967142857144,93.19174978723404,17.00831404255319,5.188138936170213,-3.024495930091187,-8.50597447112462,-5.75340779331307,0.007626941496259676,0.011293074699198,0.007585897596312601,0.2,-6.415963857142858,-1.760298757142857,-1.653274542857143,-1.6584607571428571
"Johnston, Jett",SL,Right,AUB_TIG,107.3196623970295,59.0,18.64406779661017,84.57570627118643,-1.5475959322033899,-5.527488644067796,2384.834084745763,5.847904576271186,5.9600664406779655,1.0802720338983052,-5.527488644067796,1.0802720338983052,93.19174978723404,17.00831404255319,5.188138936170213,-8.616043516047604,-18.555909974756585,-10.71562758023801,0.013176507481021641,0.007413182025219,0.0078737585740861,0.1864406779661017,-8.14743027118644,-2.206124779661017,-0.6431023389830509,-1.2129576610169492
"Koch, Mason",4S,Right,AUB_TIG,98.587749879837,6.0,0.0,91.13094666666666,16.981871666666667,5.7446366666666675,2381.0272286666664,6.413071666666667,5.758835,2.07915,5.7446366666666675,2.07915,91.13094666666666,16.981871666666667,5.744636666666668,4.736951571734001e-15,-5.921189464667501e-16,-8.881784197001252e-16,0.0017813303874739499,0.0028173875412249006,0.007336215723822499,0.0,-5.5431535,-1.6184398333333334,-2.468245666666667,-2.6577610000000003
"Koch, Mason",CU,Right,AUB_TIG,100.30467647628608,1.0,0.0,76.32215,-11.38674,-8.71709,2539.156276,5.19615,5.79847,1.99464,-8.71709,1.99464,91.13094666666666,16.981871666666667,5.744636666666668,-14.808796666666666,-28.368611666666663,-14.461726666666667,0.004118844527279,0.0038883046970989,0.0075667092185874,0.0,-9.340387,-1.450959,1.6581,0.097085
"Koch, Mason",FC,Right,AUB_TIG,99.75625631989955,10.0,0.0,85.88921500000001,4.869685,-3.338899,2439.6325587,5.913768,5.608988999999999,2.344558,-3.338899,2.344558,91.13094666666666,16.981871666666667,5.744636666666668,-5.241731666666659,-12.112186666666668,-9.083535666666668,0.01110817323949899,0.011293074699198,0.0075858975963126,0.0,-6.524767799999999,-3.0235503,-0.4524508,-2.4261786
"Koch, Mason",SL,Right,AUB_TIG,109.12749209504706,15.0,6.666666666666667,82.237108,-2.847817333333333,-8.198569333333333,2600.0592729333334,5.737337333333333,5.468416,2.4110153333333333,-8.198569333333333,2.4110153333333333,91.13094666666666,16.981871666666667,5.744636666666668,-8.893838666666658,-19.829689,-13.943206000000002,0.014599948939546966,0.007413182025219,0.0078737585740861,0.06666666666666667,-8.2158642,-3.8985339333333333,-0.10220886666666668,-2.4306496
"Murphy, Hayden",4S,Right,AUB_TIG,106.32692553437556,130.0,11.538461538461538,94.5879593076923,16.988888307692307,9.933369846153846,2078.018219846154,7.209793692307692,5.844986461538462,1.4714853076923078,9.933369846153846,1.4714853076923078,94.5879593076923,16.988888307692307,9.933369846153846,5.998620403820846e-15,1.284442637720181e-15,-3.416070845000482e-16,0.007458956600098973,0.0028173875412249,0.0073362157238225,0.11538461538461539,-4.604435630769231,-0.7061898615384615,-2.0592702615384613,-2.532276476923077
"Murphy, Hayden",CH,Right,AUB_TIG,108.59303669244431,1.0,0.0,88.49842,11.03816,12.85241,1854.209277,7.56043,5.68995,1.47246,12.85241,1.47246,94.5879593076923,16.988888307692307,9.933369846153846,-6.089539307692306,-5.950728307692307,2.9190401538461543,0.0138418912175092,0.0057302139408229,0.0094398261837037,0.0,-8.703218,-0.911184,-4.282119,-3.291468
"Murphy, Hayden",FC,Right,AUB_TIG,92.21224090664262,20.0,5.0,87.218702,4.8295825,-1.5171465,1823.9144704999999,7.430593,5.7611785,1.6669325000000002,-1.5171465,1.6669325000000002,94.5879593076923,16.988888307692307,9.933369846153846,-7.369257307692301,-12.159305807692308,-11.450516346153847,0.005385360400501895,0.011293074699198,0.0075858975963126,0.05,-6.32457605,-1.7961155999999998,-0.6684029,-1.51659695
"Murphy, Hayden",SL,Right,AUB_TIG,103.38925764106861,19.0,15.789473684210526,82.51512842105264,1.6699910526315789,-4.755653157894737,2065.407564473684,7.2613973684210515,5.709101052631579,1.7190415789473683,-4.755653157894737,1.7190415789473683,94.5879593076923,16.988888307692307,9.933369846153846,-12.072830886639672,-15.318897255060728,-14.689023004048583,0.010081801666334036,0.007413182025219,0.0078737585740861,0.15789473684210525,-7.211221052631579,-2.5495044736842103,-0.1872431578947368,-1.6739077894736842
"Myers, Carson",4S,Left,AUB_TIG,102.85838686384815,272.0,12.132352941176471,90.2935056617647,15.136292242647059,-14.427606029411765,2382.985503224265,5.815778897058824,5.780700073529411,-2.1602884926470587,14.427606029411765,2.1602884926470587,90.2935056617647,15.136292242647059,14.427606029411765,7.996054798678976e-15,-1.8775830563513677e-16,2.3510605227356256e-16,0.004914361806758008,0.0028173875412249,0.0073362157238225,0.1213235294117647,-5.299022886029412,1.0567349044117647,-1.606272919117647,3.635366908088235
"Myers, Carson",CH,Left,AUB_TIG,94.06785045924407,11.0,9.090909090909092,84.74235818181818,2.5694245454545457,-11.532060909090909,1494.8922454545454,6.033331818181818,5.229201818181818,-2.2894563636363636,11.532060909090909,2.2894563636363636,90.2935056617647,15.13629224264706,14.427606029411765,-5.551147479946516,-12.566867697192514,-2.8955451203208558,0.0001303678847755363,0.0057302139408229,0.0094398261837037,0.09090909090909091,-7.239169,0.5928324545454545,-0.5618425454545455,2.6674015454545454
"Myers, Carson",SI,Left,AUB_TIG,104.8381754449605,63.0,9.523809523809524,89.69212587301588,6.95178746031746,-16.238947619047618,2216.0682584920637,5.861265079365079,5.587607301587301,-2.280581587301587,16.238947619047618,2.280581587301587,90.2935056617647,15.13629224264706,14.427606029411765,-0.6013797887488238,-8.184504782329599,1.8113415896358547,0.0032527624348339924,-0.0002688599585534,0.0072788232536206,0.09523809523809523,-6.365476603174604,0.617256857142857,-1.1895079841269842,3.5256941428571427
"Myers, Carson",SL,Left,AUB_TIG,104.86768269449644,266.0,11.654135338345863,80.40124917293232,3.9583175187969926,10.268710187969925,2592.9081199586462,5.257521879699248,5.654626879699248,-2.501455563909775,-10.268710187969925,2.501455563909775,90.2935056617647,15.13629224264706,14.427606029411765,-9.892256488832368,-11.177974723850067,-24.69631621738169,0.011245877860391157,0.007413182025219,0.0078737585740861,0.11654135338345864,-7.516708360902256,3.6938513383458647,-0.17062724436090226,1.8734953345864662
"Petrovic, Alexander",4S,Right,AUB_TIG,101.9574194217456,99.0,6.0606060606060606,89.45501828282828,18.64568202020202,14.327194646464648,2294.5475862929293,6.21803393939394,6.221003333333333,1.9821456565656566,14.327194646464648,1.9821456565656566,89.45501828282828,18.64568202020202,14.327194646464648,5.601019087363984e-15,-8.971499188890154e-17,-1.1528376457723848e-15,0.004253392655217521,0.0028173875412249,0.0073362157238225,0.06060606060606061,-5.383219868686869,-0.7885241111111111,-2.231526595959596,-3.3696686464646466
"Petrovic, Alexander",CH,Right,AUB_TIG,108.42751949815761,70.0,20.0,77.42446585714285,3.5040962857142857,21.101394142857146,2324.5159304714284,6.114145714285715,5.992595,2.2844127142857147,21.101394142857146,2.2844127142857147,89.45501828282828,18.64568202020202,14.327194646464648,-12.030552425685421,-15.141585734487734,6.774199496392495,0.013685645863061072,0.0057302139408229,0.0094398261837037,0.2,-8.816346557142857,-0.28037607142857146,-0.7864211857142858,-4.079188714285714
"Petrovic, Alexander",CU,Right,AUB_TIG,73.6474328318758,1.0,0.0,74.86438,-11.40379,-11.32764,2281.58144,6.14719,5.53218,2.14281,-11.32764,2.14281,89.45501828282828,18.64568202020202,14.327194646464648,-14.59063828282828,-30.04947202020202,-25.65483464646465,-0.0160519165953501,0.0038883046970989,0.0075667092185874,0.0,-12.031336,-4.697112,-0.578262,-2.648693
"Petrovic, Alexander",FC,Right,AUB_TIG,93.73820324558775,5.0,0.0,82.11134799999999,8.339611999999999,0.21065999999999993,2111.4449636,6.526356,6.211248,2.2569980000000003,0.21065999999999993,2.2569980000000003,89.45501828282828,18.64568202020202,14.327194646464648,-7.343670282828276,-10.30607002020202,-14.116534646464647,0.00654293980440864,0.011293074699198,0.0075858975963126,0.0,-7.8371866,-2.9456727999999996,-1.7395656000000002,-2.9844763999999997
"Petrovic, Alexander",SL,Right,AUB_TIG,107.5988912324114,33.0,15.151515151515152,76.96927242424243,0.5528193939393939,-3.1167275757575754,2148.1396636060604,6.15940393939394,5.975320303030303,2.201018484848485,-3.1167275757575754,2.201018484848485,89.45501828282828,18.64568202020202,14.327194646464648,-12.485745858585851,-18.092862626262626,-17.443922222222223,0.013396365524693667,0.007413182025219,0.0078737585740861,0.15151515151515152,-8.432786484848485,-2.8775328181818183,0.16768333333333332,-2.3129141818181815
"Roberts, Saxon",4S,Right,AUB_TIG,104.40707167625303,18.0,0.0,94.54345666666667,19.913522222222223,8.766004444444444,2430.5044112777778,7.260022222222222,6.277378333333333,0.8357272222222223,8.766004444444444,0.8357272222222223,94.54345666666669,19.913522222222223,8.766004444444444,-4.736951571734001e-15,-8.141635513917814e-16,0.0,0.006050510393958967,0.0028173875412249,0.007336215723822499,0.0,-3.8815462222222217,-0.39169127777777774,-1.860546777777778,-2.005136277777778
"Roberts, Saxon",SL,Right,AUB_TIG,100.47060494133152,17.0,17.647058823529413,86.19272470588236,2.479489411764706,-1.9717658823529414,2371.8959839411764,6.462998235294117,6.140975882352941,1.0360276470588237,-1.9717658823529414,1.0360276470588237,94.54345666666669,19.913522222222223,8.766004444444444,-8.35073196078432,-17.43403281045752,-10.737770326797387,0.0077837249944006,0.007413182025219,0.0078737585740861,0.17647058823529413,-7.1961176470588235,-1.552831294117647,-0.7274197647058823,-1.1947494705882353
"Sanders, Jackson",4S,Left,AUB_TIG,95.5614688636903,8.0,12.5,90.96552875,7.569705,-14.966429999999999,2187.33460675,5.80054125,4.98914375,-1.32705,14.966429999999999,1.32705,90.6036842,5.472040799999999,16.8657328,0.36184454999999544,2.0976642000000005,-1.8993028,-0.0004388146500621376,0.0028173875412249,0.0073362157238225,0.125,-4.812166375,-0.468290625,0.12154399999999999,2.2121885
"Sanders, Jackson",SI,Left,AUB_TIG,106.4032849605775,150.0,4.0,90.6036842,5.472040799999999,-16.8657328,2200.7291604933334,5.683664933333334,5.2964058666666665,-1.3707585333333332,16.8657328,1.3707585333333332,90.6036842,5.472040799999999,16.8657328,-3.984960509721228e-15,5.802765675374151e-16,-3.848773152033876e-17,0.0043919779885075675,-0.0002688599585534,0.0072788232536206,0.04,-5.892847333333333,-0.3918957933333333,-0.5216706,2.62208204
"Sanders, Jackson",SL,Left,AUB_TIG,102.57875147505906,111.0,15.315315315315313,78.00684522522522,4.560962342342342,8.458656936936936,2374.43991381982,5.489783693693694,5.1922518018018025,-1.365758828828829,-8.458656936936936,1.365758828828829,90.6036842,5.472040799999999,16.8657328,-12.596838974774778,-0.911078457657657,-25.324389736936936,0.009443628678937308,0.007413182025219,0.0078737585740861,0.15315315315315314,-7.222961387387387,2.4900345585585586,0.5350783513513514,0.9827698108108108
"Schorr, Ben",4S,Right,AUB_TIG,106.21136791328468,44.0,18.181818181818183,92.32922318181818,21.0492275,4.415167045454545,2197.1391497500003,6.183523863636363,6.356162727272727,0.7547506818181818,4.415167045454545,0.7547506818181818,92.32922318181818,21.0492275,4.415167045454545,3.557760147094252e-15,-7.51923775768856e-16,1.942890293094024e-16,0.007374181036413502,0.0028173875412249,0.0073362157238225,0.18181818181818182,-5.094590795454545,-0.37378838636363637,-2.831971136363636,-1.1702401136363636
"Schorr, Ben",CH,Right,AUB_TIG,98.36473925469572,1.0,0.0,86.39007,6.63327,14.37465,1676.689494,6.56375,5.95168,1.55714,14.37465,1.55714,92.32922318181818,21.0492275,4.415167045454545,-5.939153181818185,-14.4159575,9.959482954545456,0.0041865562207523,0.0057302139408229,0.0094398261837037,0.0,-6.573657,0.625827,-0.925588,-1.988648
"Schorr, Ben",CU,Right,AUB_TIG,89.04385730476989,8.0,0.0,76.64699875,-12.5299425,-12.12281625,2689.962972125,5.42095375,6.37208875,0.6381825,-12.12281625,0.6381825,92.32922318181818,21.0492275,4.415167045454545,-15.68222443181818,-33.579170000000005,-16.537983295454545,-0.004401889896116775,0.0038883046970989,0.0075667092185874,0.0,-9.712433,-1.9488,1.412267125,0.215042375
"Schorr, Ben",FC,Right,AUB_TIG,100.9963804333447,6.0,0.0,86.53175333333333,5.961303333333333,-4.379908333333334,2446.541611,5.621956666666667,6.341031666666667,0.9552683333333333,-4.379908333333334,0.9552683333333333,92.32922318181818,21.0492275,4.415167045454545,-5.797469848484842,-15.087924166666667,-8.795075378787878,0.012048918692630283,0.011293074699198,0.0075858975963126,0.0,-8.320718833333332,-1.5697124999999998,-2.5627068333333334,-0.7864706666666667
"Schorr, Ben",SL,Right,AUB_TIG,104.17605439091831,87.0,11.494252873563218,84.93789941860464,3.5008796511627907,-7.448139534883721,2418.2541324069766,5.698115930232558,6.39887953488372,0.8829876744186046,-7.448139534883721,0.8829876744186046,92.32922318181818,21.0492275,4.415167045454545,-7.391323763213528,-17.54834784883721,-11.863306580338266,0.01070130643185326,0.007413182025219,0.0078737585740861,0.11494252873563218,-8.02192473255814,-2.2507350465116276,-1.5219052093023255,-0.9171091279069767
"Tilly, Cameron",4S,Right,AUB_TIG,101.28987327933065,222.0,8.558558558558559,93.16222824324325,18.890411576576575,7.515864144144143,2432.8044119414412,6.094881318181819,6.109127612612612,1.2923853603603606,7.515864144144143,1.2923853603603606,93.16222824324323,18.89041157657657,7.515864144144143,-5.25205504712315e-15,1.4762965624745324e-15,6.641334129289225e-16,0.0037636664045813555,0.0028173875412249,0.0073362157238225,0.08558558558558559,-5.117035211711712,-0.6597445810810811,-2.548386990990991,-2.0119739504504506
"Tilly, Cameron",CH,Right,AUB_TIG,106.98062742777344,4.0,50.0,86.948295,0.4227875,5.8212525,2156.74903125,5.96373,5.805515,1.4316225,5.8212525,1.4316225,93.16222824324323,18.89041157657657,7.515864144144143,-6.21393324324325,-18.467624076576573,-1.6946116441441432,0.012319804897960526,0.0057302139408229,0.0094398261837037,0.5,-8.9290065,-1.38735825,-2.265739,-2.4344609999999998
"Tilly, Cameron",CU,Right,AUB_TIG,103.78840077912814,32.0,6.25,76.76248749999999,-12.2743903125,-14.31855,2836.70553396875,5.79360625,5.9818096875,1.32703,-14.31855,1.32703,93.16222824324323,18.89041157657657,7.515864144144143,-16.39974074324325,-31.164801889076575,-21.834414144144144,0.006754877407012222,0.0038883046970989,0.0075667092185874,0.0625,-9.33392171875,-2.2590824375,1.69646234375,0.31076703125
"Tilly, Cameron",FS,Right,AUB_TIG,100.65716726859613,137.0,21.897810218978105,85.39624306569343,2.0653225547445255,4.695169416058394,1495.1549568321168,5.897653430656934,5.993222116788321,1.2602146715328466,4.695169416058394,1.2602146715328466,93.16222824324323,18.89041157657657,7.515864144144144,-7.765985177549817,-16.82508902183205,-2.8206947280857495,0.00915580678516845,0.0084878725031761,0.0101638397697314,0.21897810218978103,-7.67306397810219,-1.0077651751824817,-0.9457435839416057,-1.8512926277372264
"Tilly, Cameron",SL,Right,AUB_TIG,102.15457537744454,202.0,10.891089108910892,81.14206569306931,-4.199464306930693,-15.872458118811881,2839.0303618762373,5.72140400990099,5.9104759405940595,1.5141641584158414,-15.872458118811881,1.5141641584158414,93.16222824324323,18.89041157657657,7.515864144144143,-12.020162550173943,-23.08987588350727,-23.388322262956027,0.00910964266038584,0.007413182025219,0.0078737585740861,0.10891089108910891,-8.290502306930692,-3.418673118811881,0.363865495049505,-0.5748795841584158
"Watts, Dylan",4S,Right,AUB_TIG,100.92285992849787,210.0,11.428571428571429,94.87498985714285,17.438908095238094,11.433854476190477,2221.9598282285715,5.756888708133971,6.160690619047619,2.001004238095238,11.433854476190477,2.001004238095238,94.87498985714284,17.438908095238094,11.433854476190476,6.7586148318133336e-15,7.57066367268202e-16,-1.259310116503392e-15,0.003494417493058145,0.0028173875412249,0.0073362157238225,0.11428571428571428,-4.919112533333333,-0.8811446666666667,-2.2164984857142858,-2.923836757142857
"Watts, Dylan",CH,Right,AUB_TIG,111.37768439128259,106.0,17.92452830188679,86.33053367924529,5.571837452830189,12.157604622641509,1218.0623983962264,5.870798301886793,5.863320377358491,2.1484116037735848,12.157604622641509,2.1484116037735848,94.87498985714284,17.438908095238094,11.433854476190476,-8.544456177897567,-11.867070642407905,0.7237501464510319,0.016470550243497542,0.0057302139408229,0.0094398261837037,0.1792452830188679,-7.254548481132075,-0.5780289716981132,-1.3263164056603773,-2.75908508490566
"Watts, Dylan",FC,Right,AUB_TIG,90.01065437143332,1.0,0.0,86.42067,7.0743,0.0387,2269.632458,5.46999,5.96673,2.08901,0.0387,2.08901,94.87498985714284,17.438908095238094,11.433854476190476,-8.454319857142849,-10.364608095238092,-11.395154476190475,0.00371525939995,0.011293074699198,0.0075858975963126,0.0,-8.71796,-4.451906,-2.943183,-4.458772
"Watts, Dylan",SI,Right,AUB_TIG,104.74398667152983,63.0,9.523809523809524,94.54340349206349,10.566665396825398,15.998977460317459,2151.2443949841268,5.73986,5.9209741269841265,2.1522142857142854,15.998977460317459,2.1522142857142854,94.87498985714284,17.438908095238094,11.433854476190476,-0.3315863650793587,-6.872242698412698,4.565122984126982,0.003184204091406264,-0.0002688599585534,0.0072788232536206,0.09523809523809523,-6.117686777777778,-0.2747494761904762,-2.214695746031746,-3.135222761904762
"Watts, Dylan",SL,Right,AUB_TIG,98.71464877394078,111.0,22.52252252252252,84.07274126126127,1.480413963963964,-3.8963804504504505,2139.993558135135,5.67252954954955,6.160825135135135,2.0535556756756757,-3.8963804504504505,2.0535556756756757,94.87498985714284,17.438908095238094,11.433854476190476,-10.80224859588159,-15.95849413127413,-15.330234926640928,0.006401127501529383,0.007413182025219,0.0078737585740861,0.22522522522522523,-8.377301927927927,-2.823562063063063,-1.176883891891892,-2.1269066036036035
